{"presets":{"Default":{"CSRFToken":"88adc1dd575b3acf028e2335e9a9cc54","show_page_header":"1","show_company_logo":"1","sidebar_balance_enabled":"1","top_menu_dashboard":"1","top_menu_order":"1","top_menu_profile":"1","top_menu_signout":"1","login_page_show_logo":"1","login_page_logo_url":"","show_password_reset_link":"1","show_signup_link":"1","show_breadcrumb":"1","hide_dashboard_breadcrumb":"1","require_login":"0","showcase_enabled":"1","showcase_text":"## Welcome to FOSSBilling!\r\n\r\nThis is a showcase, which you can edit from within the theme settings in the administrator panel. It's markdown enabled and you can use it to share information with your clients easily!","showcase_button_title":"","showcase_button_url":"","side_menu_dashboard":"1","side_menu_order":"1","side_menu_support":"1","side_menu_kb":"1","side_menu_services":"1","side_menu_invoices":"1","side_menu_emails":"1","side_menu_payments":"1","side_menu_news":"1","sidebar_note_enabled":"0","sidebar_note_title":"Your wallet","sidebar_note_content":"You can find your payment history under the wallet tab.","meta_title":"","meta_description":"","meta_keywords":"","meta_robots":"","meta_author":"","footer_enabled":"1","footer_to_top_enabled":"1","footer_signature":"","footer_link_1_title":"Terms of Service","footer_link_1_page":"","footer_link_2_title":"Privacy Policy","footer_link_2_page":"","footer_link_3_title":"Status","footer_link_3_page":"","footer_link_4_title":"About","footer_link_4_page":"","footer_link_5_title":"Contact Us`","footer_link_5_page":"","inject_javascript":"","prompt_subscription":"1"}},"current":"Default"}